filename,mean_correct,num_entries
1415_pgold_eval,0.8458182257674643,197
1516_pgold_eval,0.7849514508116703,3786
1617_pgold_eval,0.749163263479931,2141
1718_pgold_eval,0.8342198938373158,2546
1819_pgold_eval,0.8891278707673601,2843
