textid,PP_precision,PP_recall,PP_F_score
1415_pgold,0.9246031746031746,0.879245283018868,0.9013539651837524
1516_pgold,0.7933088377489848,0.8873458792991564,0.8376965489074945
1617_pgold,0.7712637741046832,0.8587175309115307,0.8126445643793369
1718_pgold,0.9224400025874895,0.877160607738205,0.8992306722159162
1819_pgold,0.8738954809391568,0.875774826059456,0.8748341441839894
