textid,RK_accuracy,RK_precision,RK_recall,RK_F_score
1415_pgold,0.6192893401015228,0.8716814159292036,0.8812684365781711,0.8764487101686145
1516_pgold,0.531959852086635,0.8536902248024375,0.8844028659657874,0.8687751944615875
1617_pgold,0.5123773937412424,0.8245049411649548,0.8586241276171486,0.8412187145410619
1718_pgold,0.5765907305577376,0.8769428635735192,0.8751969390051774,0.8760690314236579
1819_pgold,0.7055926837847344,0.8646716116165338,0.8788394507736161,0.8716979669872214
